,Country,AverageTemperature,1,2,3,4,5,6,7,8,9,10,11,12
0,Afghanistan,15.16757243816254,1.5199565217391302,3.9764583333333334,9.535708333333336,15.578541666666666,21.350875000000002,25.907833333333333,27.725875000000002,26.24666666666666,21.42739130434782,15.073739130434786,9.057434782608695,3.5604347826086955
1,Africa,24.813636042402834,21.475304347826086,22.950625,24.77166666666666,25.844124999999995,26.473375000000004,26.25425,25.848208333333336,26.066916666666668,26.416478260869564,25.682521739130433,23.899000000000004,21.88491304347826
2,Albania,13.466494699646647,3.879739130434783,4.8946250000000004,8.247166666666667,11.755041666666669,16.826333333333334,21.054458333333336,23.440041666666673,23.465166666666676,18.81921739130435,14.188347826086959,9.345869565217392,5.011608695652174
3,Algeria,24.062975265017673,12.452739130434782,14.939166666666665,19.51816666666667,23.61666666666667,28.35175,32.627375,34.75454166666666,33.996833333333335,30.666478260869557,24.991565217391305,18.372434782608696,13.626086956521736
4,American Samoa,27.190445229681966,27.363739130434784,27.524166666666673,27.63795833333334,27.565625,27.41995833333333,27.093666666666675,26.730125,26.70866666666667,26.863173913043475,26.8004347826087,27.234565217391303,27.32817391304348
5,Andorra,12.231978798586573,4.605086956521739,5.520791666666667,8.432875,10.272333333333334,14.386666666666668,18.271458333333335,20.968416666666666,21.010291666666664,17.000086956521738,12.808130434782608,8.018956521739131,4.913043478260869
6,Angola,22.477134275618365,22.814434782608693,23.38333333333333,23.64558333333333,23.000416666666666,21.751208333333338,19.695833333333333,19.448291666666666,21.455708333333334,23.67704347826087,24.265130434782613,23.812782608695656,22.99147826086957
7,Anguilla,27.412318021201415,25.65043478260869,25.626750000000005,26.06804166666667,26.595333333333333,27.65233333333333,28.523333333333337,28.79104166666667,29.051916666666667,28.894043478260865,28.29808695652174,27.520652173913035,26.257478260869572
8,Antarctica,,,,,,,,,,,,,
9,Antigua And Barbuda,27.242512367491177,25.57591304347826,25.527208333333334,25.97504166666667,26.578125000000004,27.623375,28.38095833333333,28.571749999999998,28.803791666666665,28.571173913043484,27.913565217391312,27.23643478260869,26.119652173913046
10,Argentina,15.199932862190801,21.92286956521739,20.7995,18.959208333333333,14.91933333333334,11.347583333333333,8.624541666666664,7.922374999999999,10.181583333333336,12.751826086956521,15.97795652173913,18.741652173913042,20.844043478260872
11,Armenia,9.743950530035333,-3.5687391304347833,-1.7915833333333333,3.423625,9.196875,14.005416666666667,18.788708333333336,22.14404166666667,22.263208333333335,17.492173913043477,11.32008695652174,4.167130434782608,-1.3753913043478263
12,Aruba,28.61732155477035,27.09543478260869,26.974000000000007,27.244083333333332,27.85866666666666,29.061499999999995,29.764583333333334,29.87433333333334,30.206833333333332,30.011260869565213,29.14682608695652,28.54982608695652,27.591695652173918
13,Asia,8.494007067137808,-6.336043478260869,-3.7195,2.304208333333334,9.317083333333333,15.52975,20.0665,21.871875,20.352958333333337,15.811695652173915,9.15808695652174,1.1647391304347827,-4.735217391304347
14,Australia,22.20011660777385,28.498782608695656,27.782416666666677,25.889791666666664,22.520791666666664,18.576166666666666,15.494416666666666,14.957333333333333,16.61729166666667,20.158043478260876,23.196739130434782,25.93034782608695,27.36895652173913
15,Austria,7.340293286219082,-2.7814347826086956,-1.3074583333333332,2.7520833333333337,7.159124999999999,12.294749999999999,15.413500000000006,17.158,16.93070833333334,12.263956521739132,7.384391304347827,2.2793043478260877,-2.290304347826087
16,Azerbaijan,12.440017667844517,0.7143478260869567,1.8308333333333329,5.900625000000001,11.096333333333332,16.391166666666667,21.42620833333333,24.33066666666667,24.13141666666667,19.410217391304347,13.648478260869567,7.190173913043478,2.4259565217391303
17,Bahamas,25.822450704225353,22.34221739130434,22.825000000000003,23.55383333333334,24.733958333333337,26.459708333333328,28.097750000000005,28.95179166666667,29.041125000000008,28.374041666666674,26.958347826086964,25.014347826086958,23.28
18,Bahrain,27.01195406360425,16.251173913043477,17.777333333333335,21.112,26.088875,31.65279166666667,34.76225,36.08875,35.72170833333333,33.11078260869566,29.131260869565214,23.45821739130434,18.374391304347824
19,Baker Island,26.03424734982335,25.804869565217388,26.121041666666667,26.516250000000003,26.492958333333345,26.375208333333337,25.913458333333338,25.727958333333333,25.999333333333336,25.963043478260875,25.70278260869566,25.916521739130438,25.83813043478261
20,Bangladesh,25.426325088339237,18.00452173913044,21.321249999999996,25.572208333333332,27.824166666666667,28.46604166666667,28.515333333333334,28.304624999999998,28.501291666666674,28.22195652173913,26.76695652173913,23.615043478260873,19.54508695652174
21,Barbados,27.25012367491165,26.005043478260863,25.927749999999993,26.335500000000007,26.893708333333333,27.841916666666677,28.016833333333334,28.07354166666667,28.24383333333333,28.179826086956524,27.669652173913047,27.286391304347827,26.50217391304348
22,Belarus,7.140070671378095,-4.2206086956521744,-3.917125,0.528625,7.745374999999999,13.512166666666667,16.886499999999998,19.157874999999997,17.876083333333334,12.43008695652174,6.672521739130436,1.3706086956521737,-3.3094782608695654
23,Belgium,10.549992932862192,2.8585652173913054,3.6557083333333327,6.755624999999999,9.816,13.909083333333333,16.51579166666667,18.58683333333333,18.480666666666668,15.020608695652175,10.780565217391304,6.513826086956522,3.1036086956521736
24,Belize,25.75753873239436,22.993478260869566,24.136708333333335,25.405166666666677,26.962999999999994,27.769833333333327,27.483750000000004,27.019333333333336,27.03420833333333,27.004833333333327,25.701173913043476,24.178086956521746,23.107130434782608
25,Benin,27.808226148409897,26.854782608695654,29.237958333333328,30.901083333333332,30.516500000000004,29.149625,27.45925,26.118916666666667,25.521541666666668,26.11521739130434,27.054434782608695,27.67217391304348,26.912565217391307
26,Bhutan,12.417586572438157,4.094347826086956,6.612125,10.376875,12.893833333333333,15.51979166666667,17.7455,18.194000000000003,17.97425,16.797739130434785,13.519652173913046,9.277608695652177,5.4664782608695655
27,Bolivia,21.390607773851595,22.92069565217392,22.659125,22.651625,21.524791666666662,19.682916666666667,18.4345,18.20458333333334,19.936666666666664,21.695521739130438,22.92782608695652,23.274478260869564,23.06326086956522
28,"Bonaire, Saint Eustatius And Saba",27.893021201413422,26.30626086956522,26.329124999999994,26.743,27.321125000000006,28.3955,28.834000000000003,28.837791666666675,29.199583333333333,29.257826086956523,28.647521739130436,27.965434782608693,26.86130434782609
29,Bosnia And Herzegovina,11.422802120141341,1.1413913043478259,2.3397083333333346,6.575708333333335,10.684875,15.810541666666671,19.504624999999997,21.640083333333337,21.552333333333337,16.50104347826087,11.764304347826087,6.8370869565217385,1.932869565217391
30,Botswana,22.540586572438166,26.365695652173912,26.057166666666664,25.048208333333335,22.31691666666666,19.136458333333334,16.06125,15.725291666666664,18.667333333333335,22.96791304347826,25.809782608695652,26.554652173913045,26.41860869565217
31,Brazil,25.51175971731449,25.942521739130434,25.914875000000006,25.91758333333333,25.486125,24.72820833333333,24.179541666666662,24.109375,25.154666666666667,26.045956521739136,26.387478260869567,26.294434782608704,26.114782608695656
32,British Virgin Islands,27.142447183098582,25.364000000000004,25.332500000000007,25.69179166666667,26.29404166666667,27.400000000000002,28.320291666666662,28.607375,28.838624999999997,28.621000000000006,27.975739130434782,27.197347826086958,25.981173913043484
33,Bulgaria,11.425689045936387,0.39073913043478276,1.75375,5.768541666666668,10.49633333333333,15.848333333333331,19.99695833333333,22.28229166666667,22.18020833333333,17.29295652173913,12.058478260869567,6.640304347826086,1.6016956521739132
34,Burkina Faso,28.77431448763251,25.308521739130434,28.266291666666664,31.451333333333327,32.62195833333333,31.964375,29.930875,27.857083333333332,26.864833333333337,27.5494347826087,28.880217391304342,28.286695652173915,25.982478260869563
35,Burma,24.30397526501768,19.251782608695656,21.569541666666666,24.764958333333336,26.97875,26.99683333333333,26.539208333333338,26.074416666666668,26.01533333333333,25.79591304347826,24.86886956521739,22.6714347826087,19.737565217391303
36,Burundi,20.697607773851594,20.558608695652175,20.803625,20.564083333333333,20.394499999999997,20.72475,20.564583333333328,20.33933333333333,21.247916666666672,21.731739130434782,21.06660869565217,20.3495652173913,20.03660869565217
37,Cambodia,27.283017667844494,25.412086956521733,27.097250000000003,28.735500000000002,29.382416666666657,28.77095833333333,27.99570833333333,27.435541666666666,27.331374999999994,27.040652173913045,26.56730434782609,26.21095652173914,25.165695652173916
38,Cameroon,24.94449823321556,24.39539130434782,25.981708333333327,26.88100000000001,26.59345833333333,25.79325,24.662166666666664,23.856458333333336,23.736874999999998,24.03926086956522,24.304608695652178,24.740695652173915,24.22330434782609
39,Canada,-3.760489436619717,-21.719956521739128,-19.701625000000003,-14.29925,-5.643708333333333,2.972875,10.116458333333334,13.581666666666665,12.046000000000001,6.473333333333334,-1.6587826086956523,-10.764478260869561,-18.07752173913043
40,Cape Verde,24.96472084805654,22.895043478260874,22.66266666666667,23.08283333333333,23.25358333333334,24.146999999999995,25.151708333333335,26.20208333333333,27.335041666666665,27.666478260869564,27.07478260869565,26.063869565217395,24.168434782608703
41,Cayman Islands,27.427116197183114,24.98821739130434,25.371791666666663,25.953583333333338,26.99416666666667,28.12633333333334,28.966458333333335,29.4145,29.487583333333333,29.081375000000005,28.099,26.834043478260874,25.63534782608695
42,Central African Republic,25.881706713780922,24.985739130434784,27.183791666666668,28.321416666666668,27.86616666666667,26.878208333333333,25.661833333333337,24.721874999999997,24.695125000000004,25.001478260869565,25.092521739130436,25.350956521739132,24.640652173913043
43,Chad,27.807558303886925,21.93708695652174,24.498791666666666,28.014291666666665,30.948208333333326,31.62675,31.264499999999998,29.606000000000005,28.78208333333333,29.227,28.59956521739131,26.00891304347826,22.738913043478266
44,Chile,9.91523321554771,14.393608695652174,14.028791666666669,12.752958333333334,10.045166666666667,7.66425,5.689166666666666,5.179416666666666,6.4418750000000005,8.110043478260872,9.876782608695652,11.80191304347826,13.32947826086957
45,China,7.587756183745585,-7.683086956521737,-3.619166666666667,2.332541666666667,9.012,14.361250000000004,18.32825,20.205375000000004,19.151874999999993,14.772652173913041,8.043608695652173,0.728,-5.739260869565217
46,Christmas Island,26.513473498233196,26.660869565217393,26.723583333333327,27.042708333333326,27.150125,27.219333333333328,26.560166666666664,25.856583333333337,25.69300000000001,25.87204347826087,26.26373913043479,26.598260869565213,26.492956521739128
47,Colombia,25.413526501766786,25.567173913043487,25.918958333333336,25.886374999999997,25.451041666666672,25.31266666666667,25.09383333333334,25.03929166666666,25.41095833333333,25.53756521739131,25.237000000000005,25.251130434782606,25.246826086956517
48,Comoros,26.392466431095414,27.69191304347826,27.80620833333334,27.87654166666667,27.407958333333337,26.650125000000006,25.399416666666667,24.57337500000001,24.4355,24.831826086956525,25.61204347826087,26.965999999999998,27.484695652173908
49,Congo,25.012908127208497,25.020869565217396,25.792708333333334,26.17879166666667,25.886041666666667,25.66616666666667,24.44854166666667,23.803291666666667,24.20725,24.66508695652174,24.707521739130435,24.95182608695652,24.788
50,Congo (Democratic Republic Of The),24.38478091872792,24.22547826086956,24.853583333333336,25.07308333333333,24.820791666666665,24.748375,23.931833333333334,23.479375000000005,24.175791666666658,24.591565217391302,24.383826086956514,24.327086956521736,23.98965217391304
51,Costa Rica,26.33961971830983,25.86491304347826,26.532833333333333,27.198166666666662,27.461999999999993,27.01866666666667,26.507,26.371,26.314666666666668,26.068624999999997,25.5504347826087,25.5144347826087,25.552869565217385
52,Croatia,12.41376678445231,2.064217391304348,3.35875,7.593125000000001,11.816375,17.024625,20.704125,22.811208333333337,22.57370833333333,17.447347826086958,12.507826086956522,7.56786956521739,2.670565217391305
53,Cuba,26.103651408450723,23.351173913043475,23.776500000000002,24.465666666666664,25.50029166666667,26.69854166666667,27.778833333333335,28.28804166666667,28.40416666666667,27.980249999999998,27.045347826086957,25.608086956521742,24.170260869565215
54,Curaçao,28.051000000000002,26.598347826086957,26.60191666666667,26.972916666666674,27.536791666666673,28.586333333333332,28.959958333333336,28.89129166666667,29.30854166666668,29.353608695652177,28.655565217391313,28.051478260869565,27.073478260869578
55,Cyprus,19.665798586572443,11.905608695652175,11.950416666666664,14.040750000000001,17.153125,21.245166666666666,25.057333333333332,27.5655,27.96225,25.600521739130436,22.190130434782606,17.432695652173912,13.568086956521741
56,Czech Republic,8.743727915194349,-1.233913043478261,-0.05241666666666663,3.7319166666666663,8.702916666666667,13.749791666666669,16.79066666666667,18.746791666666667,18.51995833333333,13.658956521739134,8.492739130434783,3.693782608695652,-0.7018260869565217
57,Côte D'Ivoire,26.659183745583036,26.348434782608695,28.091958333333334,28.728499999999997,28.13095833333334,27.53695833333334,26.314041666666668,25.344375,25.061624999999996,25.470217391304345,26.040173913043482,26.607217391304356,26.12295652173913
58,Denmark,-16.892971731448768,-28.83734782608696,-28.740083333333335,-27.45408333333334,-20.549833333333336,-10.765166666666666,-3.4892916666666665,-0.6651666666666667,-3.045291666666666,-9.866434782608694,-18.71813043478261,-24.18086956521739,-27.427521739130444
59,Denmark (Europe),8.938049469964666,1.4877391304347825,1.6032083333333331,3.5382916666666673,7.406250000000001,11.923,14.95675,17.51879166666667,17.4705,13.967304347826087,9.349565217391303,5.386652173913044,2.133304347826087
60,Djibouti,29.554805653710247,25.092826086956528,26.29179166666667,28.032666666666668,29.408416666666668,31.29712500000001,32.969625,34.0195,33.627250000000004,31.961521739130436,28.945347826086955,27.098391304347828,25.532217391304346
61,Dominica,26.91033215547703,25.41113043478261,25.329333333333334,25.761708333333335,26.376,27.473458333333337,27.998500000000003,28.031583333333334,28.167875000000006,27.99782608695652,27.472869565217394,26.934608695652177,25.935782608695657
62,Dominican Republic,26.323052816901416,24.360782608695647,24.596958333333337,25.157583333333346,25.655666666666665,26.567416666666663,27.48675,27.849458333333335,28.04725000000001,27.722958333333327,27.057521739130433,26.245,25.020608695652175
63,Ecuador,22.474593639575964,22.772304347826093,22.874000000000006,23.010166666666663,22.879708333333337,22.800749999999997,22.20083333333334,21.738916666666668,21.8505,22.197565217391308,22.258913043478266,22.496956521739133,22.613086956521737
64,Egypt,23.54538869257951,13.891478260869563,15.536625000000003,19.15191666666667,23.64033333333333,27.66770833333334,30.212291666666673,31.18066666666667,31.07316666666667,29.052347826086955,25.364826086956526,19.954869565217393,15.225173913043477
65,El Salvador,25.648475352112687,24.512086956521745,25.409958333333336,26.46279166666667,27.1725,26.707333333333338,25.987833333333338,25.920416666666664,25.916999999999998,25.431749999999997,24.862826086956517,24.768826086956523,24.462217391304353
66,Equatorial Guinea,25.494261484098935,26.118913043478262,26.671041666666667,26.755875000000003,26.374124999999996,26.051958333333328,24.754250000000003,23.870000000000005,24.10179166666666,24.83165217391304,25.01560869565217,25.583173913043478,25.797565217391305
67,Eritrea,27.490074204947003,23.47508695652174,24.772000000000006,26.537333333333333,28.57700000000001,30.038666666666668,30.34866666666667,29.630249999999993,29.236416666666674,28.86978260869566,27.603391304347827,26.235304347826084,24.265260869565218
68,Estonia,6.100000000000002,-4.192869565217392,-4.9567499999999995,-1.0255,5.218833333333333,11.110916666666666,15.380041666666669,18.294791666666665,16.902333333333335,11.81669565217391,5.998739130434783,0.7972608695652174,-2.9368695652173913
69,Ethiopia,23.67117667844523,22.55204347826087,23.864583333333332,24.94479166666667,25.02695833333334,25.072666666666663,24.264,23.32104166666667,23.348708333333338,23.575826086956518,23.042652173913044,22.723826086956517,22.136826086956518
70,Europe,8.922978798586572,-0.4886086956521739,0.1596666666666667,3.6744583333333325,7.984833333333335,12.95595833333333,16.696375,19.096958333333333,18.586833333333335,14.126695652173915,9.053173913043478,4.211086956521739,0.29247826086956524
71,Falkland Islands (Islas Malvinas),6.696530035335687,10.126173913043477,9.926416666666666,9.216083333333335,7.233791666666666,5.777208333333333,4.215416666666667,3.755875,4.018125,4.476826086956522,5.792826086956521,7.362869565217392,8.575565217391306
72,Faroe Islands,7.349600706713777,5.008782608695651,4.484791666666667,4.7041666666666675,5.643958333333335,7.3735833333333325,8.986041666666667,10.6995,11.440041666666666,10.352217391304348,8.015347826086959,6.424826086956522,4.980000000000001
73,Federated States Of Micronesia,27.42872438162544,27.34839130434784,27.40070833333334,27.588250000000002,27.515208333333344,27.67245833333334,27.55404166666666,27.407916666666665,27.39225,27.29904347826087,27.131086956521738,27.459,27.353304347826086
74,Fiji,25.58491872791519,26.96152173913044,27.202874999999995,27.238833333333343,26.452291666666667,25.428624999999997,24.558874999999997,23.86916666666667,23.84008333333333,24.294434782608704,24.743913043478262,25.856217391304348,26.59408695652174
75,Finland,2.5192968197879853,-8.776782608695653,-9.44483333333333,-4.9895,0.9431250000000001,7.375416666666667,12.983666666666663,16.0505,14.012083333333335,8.649130434782608,2.4930000000000003,-3.0647826086956527,-6.838391304347824
76,France,13.791318021201405,7.523565217391305,8.176958333333333,10.78416666666667,12.68883333333333,16.107708333333335,18.624,20.415208333333332,20.52054166666667,17.50130434782609,14.28165217391304,10.534999999999998,7.868260869565218
77,France (Europe),11.453254416961132,3.828782608695652,4.605000000000001,7.751874999999999,10.104875,14.294541666666667,17.435,19.627874999999996,19.69279166666666,15.929478260869567,11.979130434782608,7.399304347826088,4.210434782608695
78,French Guiana,26.532243816254418,25.802434782608696,25.85145833333333,26.159416666666672,26.235583333333334,26.42595833333333,26.273,26.42954166666667,26.952750000000005,27.370608695652173,27.370826086956523,27.198,26.37813043478261
79,French Polynesia,26.734367491166086,27.364130434782613,27.613500000000002,27.94016666666667,27.51008333333333,26.9505,26.189958333333326,25.76070833333333,25.611833333333333,25.804869565217395,26.07430434782609,26.86186956521739,27.111521739130442
80,French Southern And Antarctic Lands,5.299954063604239,9.05013043478261,8.526875,7.4089583333333335,6.15425,4.474833333333334,3.169,2.5771666666666673,2.6788749999999997,2.867130434782609,3.4993913043478257,5.4452608695652165,7.839304347826085
81,Gabon,24.814879858657253,25.23721739130435,25.794500000000003,26.035833333333343,25.795958333333335,25.490291666666668,23.954375000000002,23.02025,23.467666666666673,24.407956521739127,24.728478260869565,24.958652173913052,24.89369565217391
82,Gambia,28.298212014134258,25.16965217391305,27.162750000000003,29.191749999999995,30.04816666666667,30.802916666666672,30.14441666666666,28.585416666666664,27.810458333333333,27.95795652173913,28.82073913043478,27.92460869565218,25.71369565217391
83,Gaza Strip,20.151713780918715,11.091565217391304,12.028166666666666,14.946958333333333,18.706166666666665,22.818291666666667,26.125583333333335,28.084791666666675,28.220375000000004,26.250782608695648,22.959434782608696,17.404478260869563,12.754913043478261
84,Georgia,9.2573780918728,-1.3508260869565216,-0.5200833333333333,3.3210416666666664,8.237583333333331,12.779374999999996,16.870500000000007,19.673833333333334,19.827666666666666,15.804739130434783,10.76421739130435,4.7255652173913045,0.2858695652173914
85,Germany,9.268886925795057,0.4806086956521739,1.3656666666666668,4.738708333333332,8.818583333333333,13.425458333333331,16.295083333333334,18.43854166666667,18.23604166666667,14.01517391304348,9.20004347826087,4.563347826086956,0.9347826086956523
86,Ghana,27.346586572438174,27.232782608695654,29.06341666666667,29.905166666666663,29.110541666666666,28.176375000000004,26.74779166666667,25.687749999999998,25.262208333333334,25.736,26.57065217391304,27.46056521739131,27.095913043478262
87,Greece,15.576671378091877,6.266304347826087,7.080833333333334,9.930916666666667,13.443416666666666,18.49866666666667,23.090000000000003,25.538500000000003,25.516625,21.21247826086957,16.512565217391302,11.67917391304348,7.539173913043477
88,Greenland,-17.424494699646633,-29.45730434782609,-29.37095833333333,-28.08808333333333,-21.128041666666668,-11.226583333333332,-3.872083333333333,-1.0424583333333333,-3.4682499999999994,-10.35630434782609,-19.29782608695652,-24.79060869565218,-28.0291304347826
89,Grenada,27.527240282685497,26.477782608695644,26.507291666666674,26.933541666666667,27.43070833333334,28.132083333333327,27.968458333333334,27.96495833333334,28.247375,28.378652173913043,27.894391304347828,27.521391304347823,26.848782608695654
90,Guadeloupe,27.133911660777382,25.53434782608696,25.462708333333335,25.909166666666668,26.52841666666667,27.591625000000004,28.27179166666667,28.401833333333332,28.615291666666664,28.371347826086957,27.725695652173908,27.10795652173913,26.050086956521735
91,Guam,27.395395759717292,26.519434782608695,26.547833333333333,27.023749999999996,27.533375000000003,28.058374999999998,28.206249999999997,27.81295833333334,27.503875000000008,27.413434782608697,27.40591304347826,27.60026086956522,27.07934782608696
92,Guatemala,23.817359154929566,21.419217391304354,22.43970833333334,23.806916666666666,25.270166666666665,25.726708333333324,25.16333333333333,24.724875,24.753083333333333,24.580125,23.612304347826086,22.540086956521744,21.51413043478261
93,Guernsey,11.838215547703179,7.469478260869564,7.156208333333335,8.385250000000001,9.524333333333331,12.199666666666666,14.5085,16.6735,17.50495833333333,15.960217391304347,13.48630434782609,10.820173913043478,8.235869565217389
94,Guinea,26.20224381625441,24.651391304347825,26.963250000000002,28.752208333333332,28.973500000000005,28.274624999999997,26.330125,24.981916666666667,24.704875,24.936,25.559521739130435,25.595347826086957,24.462217391304353
95,Guinea Bissau,27.51850883392225,25.465652173913046,27.267250000000004,28.960958333333327,29.470250000000004,29.68220833333333,28.620083333333337,26.979666666666663,26.485083333333336,26.712478260869567,27.53126086956522,27.244,25.592956521739136
96,Guyana,26.71184805653713,26.16582608695652,26.42754166666667,26.851291666666672,26.783666666666672,26.587333333333333,26.17204166666666,26.101458333333337,26.764041666666675,27.452695652173915,27.44086956521739,27.32473913043478,26.526999999999997
97,Haiti,27.04173591549295,25.22065217391305,25.45116666666667,25.864374999999995,26.174791666666668,27.085250000000002,28.274291666666667,28.761625000000006,28.794,28.272624999999994,27.63530434782609,26.992956521739135,25.87186956521739
98,Heard Island And Mcdonald Islands,2.8587526501766787,5.564,5.222500000000001,4.596041666666667,3.733,2.6654583333333335,1.6654166666666665,0.8784166666666665,0.8242916666666665,0.7933043478260867,1.150608695652174,2.6860434782608693,4.544478260869565
99,Honduras,25.454454225352087,23.42082608695652,24.60766666666667,26.031833333333335,27.347375000000003,27.304000000000002,26.439708333333332,25.880583333333334,26.01795833333334,26.027624999999997,24.94313043478261,23.878043478260867,23.292913043478265
100,Hong Kong,23.223402826855125,15.871608695652172,16.91975,19.226791666666667,22.641791666666666,25.981125000000002,27.856791666666666,28.64345833333333,28.55633333333334,27.687130434782613,25.258347826086958,21.84678260869565,17.875173913043476
101,Hungary,10.783830388692587,-0.6005217391304347,0.960625,5.757750000000001,11.232791666666664,16.477166666666665,19.79970833333334,21.644999999999996,21.323666666666668,16.02947826086957,10.555478260869565,5.291478260869565,-0.010565217391304237
102,Iceland,2.2749151943462893,-2.1876521739130435,-2.493,-1.9996250000000002,0.08229166666666667,3.7690416666666664,7.013583333333334,9.085749999999999,8.761458333333334,5.972043478260871,1.7919565217391302,-0.6424347826086955,-2.215086956521739
103,India,24.591844522968202,17.32030434782609,20.189958333333337,24.445750000000004,28.036416666666664,30.370708333333337,29.349999999999998,27.299625000000002,26.658333333333335,26.45991304347827,24.746869565217402,21.495782608695656,18.110739130434784
104,Indonesia,26.31316607773853,26.123260869565218,26.250750000000007,26.456208333333333,26.46762500000001,26.729499999999998,26.35808333333333,25.957625000000004,26.073291666666677,26.311217391304343,26.361826086956526,26.49243478260869,26.171782608695658
105,Iran,18.84352650176678,6.02404347826087,8.508666666666667,13.001124999999996,18.534624999999995,24.0685,28.535291666666666,30.56112499999999,29.493125000000003,25.480086956521742,19.807217391304345,13.205652173913045,7.998608695652172
106,Iraq,22.916561837455845,9.358000000000002,11.640875000000001,16.177666666666664,22.02479166666667,28.33933333333334,33.09312499999999,35.26858333333333,34.98595833333333,30.990217391304352,24.843739130434784,16.386478260869566,10.971956521739127
107,Ireland,10.21106713780918,5.760739130434783,6.168875000000001,7.362791666666666,8.784583333333332,11.499958333333332,13.763291666666666,15.437208333333336,15.391999999999998,13.602869565217388,10.616826086956522,8.03078260869565,5.811521739130434
108,Isle Of Man,10.198409893992931,6.484347826086958,5.926708333333334,6.645625000000003,7.870166666666667,10.38245833333333,12.54204166666667,14.733833333333335,15.337750000000002,13.985826086956523,11.631130434782612,9.587391304347825,7.164521739130435
109,Israel,20.57001060070671,11.768217391304347,12.7235,15.572916666666666,19.252833333333335,23.191833333333335,26.30629166666667,28.184624999999997,28.350916666666667,26.461043478260876,23.268695652173914,17.963478260869564,13.378695652173912
110,Italy,13.76560777385159,5.208913043478261,5.766499999999998,8.88866666666667,11.63425,16.543875,20.520541666666663,23.12420833333334,23.30354166666667,18.997217391304353,14.653826086956517,9.956478260869565,6.005695652173913
111,Jamaica,26.816809859154937,25.155304347826085,25.310875000000006,25.787291666666665,26.364666666666665,27.200875,27.934375000000003,28.175291666666666,28.206249999999997,27.929125000000003,27.331521739130434,26.654521739130427,25.64839130434782
112,Japan,12.858773851590104,1.6572173913043482,2.4263333333333335,5.579250000000001,10.743833333333335,15.542625,19.406791666666667,23.253833333333333,24.660416666666666,21.23417391304348,15.385695652173911,9.716695652173913,4.194
113,Jersey,11.838215547703179,7.469478260869564,7.156208333333335,8.385250000000001,9.524333333333331,12.199666666666666,14.5085,16.6735,17.50495833333333,15.960217391304347,13.48630434782609,10.820173913043478,8.235869565217389
114,Jordan,20.33620848056536,9.56904347826087,11.234416666666666,15.000124999999997,19.67716666666667,24.329916666666666,27.728958333333342,29.543791666666674,29.509916666666665,26.963869565217387,22.68543478260869,16.084739130434784,11.069260869565218
115,Kazakhstan,6.619406360424026,-12.049999999999999,-10.355,-2.4828749999999995,8.756333333333334,16.23191666666667,21.854333333333333,23.487958333333335,21.750833333333336,15.108521739130437,7.147521739130436,-2.0113478260869564,-9.436086956521741
116,Kenya,24.678431095406356,25.179826086956517,26.045374999999996,26.405208333333334,25.422625,24.823375,23.813333333333336,23.075791666666664,23.35033333333334,24.20786956521739,24.581260869565213,24.620434782608694,24.60760869565217
117,Kingman Reef,27.788530035335693,27.330739130434782,27.42175,27.643124999999998,27.788624999999996,27.882083333333338,27.919708333333336,28.07925,28.28670833333334,28.042869565217394,27.84786956521739,27.797652173913043,27.40017391304348
118,Kiribati,27.396561837455824,26.71056521739131,26.937749999999998,27.202541666666665,27.38937499999999,27.742500000000003,27.863041666666664,27.84079166666667,27.828333333333337,27.630652173913038,27.53095652173913,27.31099999999999,26.726521739130437
119,Kuwait,26.217625441696114,13.202913043478262,15.513166666666665,19.774916666666666,25.559874999999995,31.914541666666675,35.89229166666667,37.43929166666668,37.09608333333333,33.60656521739131,28.21513043478262,20.543652173913046,14.998000000000001
120,Kyrgyzstan,4.425565371024738,-11.126739130434782,-7.983541666666668,-0.9809583333333336,6.091166666666666,10.957750000000003,15.351958333333334,17.107083333333335,16.39154166666666,11.82286956521739,4.990739130434783,-1.9043478260869566,-8.739260869565216
121,Laos,24.190547703180215,19.465391304347825,21.243958333333335,23.70483333333333,26.082625000000004,26.911999999999995,27.283708333333333,26.778291666666664,26.41779166666667,25.797521739130435,24.339434782608695,22.12421739130435,19.74160869565218
122,Latvia,6.606568904593644,-3.888956521739131,-3.992875,-0.027541666666666503,6.382666666666669,12.042875,15.91870833333333,18.549958333333333,17.214416666666665,12.048043478260867,6.191434782608696,0.9835652173913045,-3.006173913043478
123,Lebanon,18.581204946996454,9.442478260869564,10.231583333333335,13.170250000000001,16.941875000000003,21.136458333333337,24.715041666666668,26.887041666666665,27.10670833333333,24.910434782608704,21.33804347826087,15.571956521739132,11.082565217391304
124,Lesotho,14.32760070671378,19.648000000000003,19.48645833333333,17.646916666666666,14.051041666666668,10.644083333333334,7.687458333333333,7.509333333333333,10.098583333333334,13.59543478260869,15.756913043478255,17.52917391304348,18.85039130434783
125,Liberia,26.115614840989416,25.84578260869565,27.07116666666667,27.595041666666663,27.231666666666666,26.93733333333334,25.853916666666667,24.93008333333334,24.772375000000007,25.240434782608695,25.776695652173913,26.25530434782608,25.80878260869565
126,Libya,23.27657243816256,13.027695652173913,14.934083333333334,19.131333333333334,23.65954166666667,27.78675,30.649541666666668,31.099208333333333,30.925499999999996,29.325086956521744,24.940391304347823,19.060217391304345,14.116478260869565
127,Liechtenstein,5.76263957597173,-3.612782608695652,-2.561416666666667,1.439541666666667,5.165041666666666,10.194708333333333,13.298166666666667,15.090666666666666,14.925208333333332,10.540565217391304,6.146173913043478,0.8288260869565218,-3.051434782608696
128,Lithuania,7.165628975265017,-3.2625652173913045,-3.058666666666667,0.6747083333333334,7.148,12.613583333333336,15.989375000000003,18.509083333333333,17.492916666666662,12.487217391304346,6.857652173913045,1.9563043478260866,-2.255260869565217
129,Luxembourg,10.247625441696107,2.110304347826087,2.926291666666667,6.311041666666665,9.519583333333332,13.854500000000002,16.645374999999998,18.793958333333332,18.57166666666667,14.653913043478267,10.368173913043476,5.9904782608695655,2.5788695652173916
130,Macau,22.967784452296815,15.161826086956522,16.291500000000003,18.798875000000002,22.48425,26.01954166666667,27.947916666666668,28.68745833333333,28.604375,27.628739130434788,25.033826086956516,21.3664347826087,17.238260869565217
131,Macedonia,11.266784452296822,0.013652173913043422,1.713708333333333,6.095708333333334,10.42291666666667,15.627750000000004,19.868125,22.21383333333334,22.151166666666665,17.10404347826087,11.781347826086957,6.184391304347828,1.1888695652173917
132,Madagascar,23.472946996466423,25.64447826086957,25.65920833333333,25.489541666666668,24.270750000000007,22.566875,20.530916666666666,19.761208333333332,20.707875,22.357695652173913,23.842217391304356,25.37030434782609,25.705782608695653
133,Malawi,22.082346289752632,23.303391304347823,23.343041666666668,23.32195833333333,22.140041666666665,20.703458333333327,18.908125000000002,18.240416666666665,19.813416666666665,22.34317391304348,24.216173913043477,25.077869565217387,23.929521739130436
134,Malaysia,26.504964664310965,25.861521739130428,26.27775,26.741125,26.9335,27.180666666666667,26.921499999999998,26.617874999999998,26.68729166666667,26.525260869565212,26.200739130434787,26.169000000000004,25.863999999999997
135,Mali,29.211540636042407,21.620739130434778,24.682041666666663,28.574291666666664,31.95379166666666,34.193958333333335,34.13475,32.43516666666667,31.13479166666667,31.231347826086957,30.427565217391308,26.802695652173917,22.798304347826093
136,Malta,19.450321554770337,13.288434782608698,12.831791666666668,14.24991666666667,16.041666666666668,19.7915,23.67391666666667,26.370499999999996,27.309416666666674,24.905173913043473,21.875173913043476,18.21752173913044,14.669869565217388
137,Martinique,26.91033215547703,25.41113043478261,25.329333333333334,25.761708333333335,26.376,27.473458333333337,27.998500000000003,28.031583333333334,28.167875000000006,27.99782608695652,27.472869565217394,26.934608695652177,25.935782608695657
138,Mauritania,28.490155477031784,20.261695652173913,22.957125,26.309749999999994,29.205874999999995,32.379583333333336,33.92170833333334,33.66195833333334,32.81374999999999,32.258782608695654,30.238043478260874,25.895826086956525,21.463913043478264
139,Mauritius,24.221434628975274,26.85282608695652,26.948125,26.585958333333338,25.555416666666673,24.05666666666667,22.421625000000002,21.48075,21.495749999999997,22.033956521739135,22.86852173913044,24.501434782608698,25.899913043478254
140,Mayotte,27.04034275618373,27.606173913043484,27.747250000000008,28.077208333333335,28.105708333333336,27.6185,26.38520833333334,25.580500000000004,25.582333333333338,26.04108695652174,26.605608695652172,27.52191304347826,27.62069565217391
141,Mexico,21.237253521126778,15.501956521739126,17.004125,19.334625,21.796374999999998,24.339833333333335,25.711333333333332,25.39708333333333,25.276125000000004,24.117,21.602652173913043,18.478652173913044,15.718652173913043
142,Moldova,10.081929328621905,-2.4216956521739132,-0.9680833333333333,3.7768333333333337,10.219166666666666,16.283333333333328,20.057708333333334,22.313958333333336,21.549541666666666,16.03504347826087,10.130869565217392,4.316173913043478,-1.294869565217391
143,Monaco,10.096674911660763,1.1092608695652173,2.329875,6.02375,8.632666666666667,13.316416666666667,17.17358333333333,19.920583333333337,19.70229166666667,15.110869565217389,10.380826086956521,5.2437826086956525,1.5021739130434784
144,Mongolia,0.7018056537102467,-20.99213043478261,-15.761541666666664,-6.887166666666668,3.1137916666666663,10.919000000000002,16.671124999999996,18.978875000000006,16.76066666666667,10.107652173913044,1.255521739130435,-9.403260869565216,-18.031391304347824
145,Montenegro,11.133727915194333,0.5762173913043478,1.9283333333333337,6.017541666666666,10.093291666666667,15.37683333333333,19.492083333333333,21.772625,21.70091666666666,16.553695652173914,11.500782608695653,6.253043478260869,1.5373913043478267
146,Montserrat,27.188487632508828,25.557304347826086,25.491166666666672,25.950916666666668,26.569000000000006,27.613625,28.330249999999996,28.501875000000002,28.72429166666666,28.467173913043478,27.789043478260872,27.158695652173908,26.071043478260876
147,Morocco,18.614600706713784,10.168782608695652,12.051833333333333,15.120916666666666,17.05933333333333,20.48508333333334,24.407,27.439125,27.186875000000004,23.75817391304348,19.38734782608696,14.553000000000003,11.17304347826087
148,Mozambique,24.244462897526503,26.299217391304342,26.208624999999994,25.905083333333334,24.38445833333334,22.669999999999998,20.877541666666666,20.251875,21.698958333333334,23.995565217391306,25.641608695652177,26.804739130434783,26.531304347826083
149,Namibia,21.16831802120141,24.45947826086957,24.305500000000006,23.658999999999995,21.407,18.610041666666667,15.797458333333333,15.64275,17.626249999999995,20.913913043478257,23.19878260869566,24.211086956521736,24.67247826086957
150,Nepal,15.539286219081271,6.1179130434782625,8.918208333333334,13.298125,17.472916666666666,20.354125000000003,21.739833333333326,21.146375,20.889666666666674,19.837521739130434,16.314173913043476,11.951347826086957,7.777130434782609
151,Netherlands,10.577109540636046,3.5130000000000003,3.9842083333333327,6.505208333333333,9.518625,13.372208333333331,15.911291666666665,18.173833333333338,18.190375,15.15208695652174,11.069304347826085,7.1830869565217395,3.8470434782608693
152,Netherlands (Europe),10.19015547703179,3.008869565217391,3.482416666666667,6.053333333333335,9.119833333333332,13.034791666666669,15.621125000000001,17.93304166666667,17.94675,14.834130434782606,10.677826086956523,6.721782608695652,3.332304347826087
153,New Caledonia,23.371296819787972,25.876391304347823,26.38008333333333,25.937708333333337,24.479916666666668,22.967249999999996,21.769458333333336,20.715500000000002,20.428625,21.242913043478264,22.198304347826085,23.565652173913044,24.933782608695648
154,New Zealand,10.889710247349822,15.528826086956522,15.763708333333335,14.06429166666667,11.387374999999999,9.145833333333337,6.604749999999999,6.012333333333334,7.045166666666666,8.852086956521738,10.35821739130435,12.050826086956521,14.13286956521739
155,Nicaragua,26.717161971830986,25.404913043478256,26.16175,27.247375,28.241541666666674,28.069416666666665,27.177124999999993,26.77295833333333,26.935541666666662,26.910208333333333,26.25765217391304,25.821652173913048,25.44152173913043
156,Niger,28.2255335689046,19.731347826086957,22.775999999999996,27.240624999999998,31.667625000000005,33.64208333333334,33.64033333333334,32.04095833333333,30.923625,31.106913043478265,29.396652173913047,25.009652173913047,20.906565217391307
157,Nigeria,27.394236749116615,25.056782608695652,27.637833333333337,29.96304166666667,30.63525,29.551041666666663,27.910875000000004,26.425875,25.789708333333333,26.447260869565223,27.083565217391307,26.73321739130435,25.22882608695652
158,Niue,25.66854770318021,26.89217391304348,27.36016666666667,27.284833333333335,26.432958333333332,25.59675,24.581208333333333,24.057041666666667,24.009333333333334,24.542391304347827,24.849478260869567,25.942260869565217,26.48952173913043
159,North America,3.2278732394366214,-10.492521739130437,-8.691125,-4.5555416666666675,1.8469166666666668,8.6995,14.276375,16.934416666666667,15.731041666666668,11.097,4.0478695652173915,-2.9922608695652175,-8.450478260869565
160,North Korea,7.90350530035336,-8.561782608695653,-4.847833333333334,0.9262083333333332,7.893041666666666,13.79316666666667,18.286333333333328,21.578916666666668,21.92654166666667,16.850608695652173,9.828869565217392,1.957043478260869,-5.842608695652175
161,Northern Mariana Islands,27.395395759717292,26.519434782608695,26.547833333333333,27.023749999999996,27.533375000000003,28.058374999999998,28.206249999999997,27.81295833333334,27.503875000000008,27.413434782608697,27.40591304347826,27.60026086956522,27.07934782608696
162,Norway,1.2346925795053008,-6.958608695652177,-7.116375000000001,-4.741583333333334,-0.7165,4.424166666666667,8.743166666666667,11.561083333333334,10.732791666666666,6.646130434782609,1.0281304347826083,-3.1665652173913044,-6.238826086956522
163,Oceania,22.027632508833925,27.9098695652174,27.273666666666667,25.49304166666667,22.34833333333334,18.693833333333334,15.7935,15.258041666666665,16.79329166666667,20.091521739130435,22.90717391304348,25.47178260869565,26.842739130434783
164,Oman,27.87444876325087,20.15508695652174,22.04275,24.989208333333334,28.865500000000008,32.559291666666674,34.03520833333333,33.56654166666666,32.31641666666666,30.656739130434783,28.084782608695654,24.938217391304345,21.707391304347823
165,Pakistan,21.5517632508834,9.596652173913043,12.41975,17.743875,23.10375,28.231333333333325,30.380416666666672,30.116208333333333,28.863541666666666,26.61295652173913,22.237782608695653,16.839565217391307,11.605913043478262
166,Palau,27.711113074204974,27.320130434782612,27.319374999999997,27.621416666666665,27.90875,28.14495833333334,27.806416666666674,27.63570833333333,27.70741666666667,27.78156521739131,27.766652173913045,27.9584347826087,27.555304347826095
167,Palestina,23.84424734982332,21.62491304347826,22.090708333333335,23.05333333333333,23.813041666666667,24.702541666666672,25.384124999999997,25.59395833333333,25.544291666666666,25.119478260869567,24.258956521739126,22.96995652173914,21.833391304347828
168,Palmyra Atoll,27.821349823321555,27.345478260869566,27.446291666666667,27.66241666666666,27.833124999999995,27.92333333333333,27.96408333333334,28.13166666666667,28.335958333333323,28.085913043478264,27.88039130434783,27.80930434782608,27.414434782608687
169,Panama,27.013805653710254,26.86321739130435,27.296125000000004,27.746166666666667,27.831333333333337,27.50316666666667,27.200374999999994,27.01670833333333,27.030250000000006,26.767956521739126,26.218086956521738,26.18221739130435,26.40017391304348
170,Papua New Guinea,24.928795053003522,25.29156521739131,25.319666666666667,25.26929166666667,25.038625000000007,24.960500000000007,24.54041666666666,24.097291666666667,24.15320833333333,24.658304347826082,25.009956521739127,25.443173913043477,25.412347826086954
171,Paraguay,23.8963074204947,27.973695652173912,27.234166666666667,26.56183333333333,23.88266666666667,20.409500000000005,19.24325,18.603291666666664,20.90345833333333,22.905043478260872,25.44156521739131,26.470913043478255,27.580043478260865
172,Peru,20.453936395759715,20.990000000000002,21.038125,21.100958333333335,20.730666666666668,20.220125,19.480416666666667,19.18075,19.833541666666672,20.427652173913042,20.660043478260867,20.958565217391307,20.895652173913046
173,Philippines,27.04492932862192,25.62508695652174,26.083624999999998,26.965958333333333,27.85908333333333,28.242833333333333,27.830333333333332,27.416625,27.414708333333337,27.279565217391298,26.942782608695655,26.768739130434785,26.00117391304348
174,Poland,8.605098939929329,-2.048478260869565,-0.8624999999999999,3.008333333333333,8.810916666666667,13.929583333333332,16.96108333333333,19.23866666666667,18.720333333333333,13.802086956521736,8.452652173913043,3.53495652173913,-1.1373478260869565
175,Portugal,15.577300353356888,8.859,10.042874999999999,12.660125,13.841291666666665,16.983375,20.496083333333335,22.68004166666667,22.844416666666664,20.17495652173913,16.298217391304345,12.08104347826087,9.509347826086957
176,Puerto Rico,26.242457746478888,24.463565217391306,24.264666666666667,24.538416666666674,25.224499999999995,26.496125000000003,27.50854166666667,27.74508333333333,27.947625,27.765208333333334,27.215043478260874,26.4788695652174,25.19443478260869
177,Qatar,27.902791519434622,17.758608695652175,19.131250000000005,22.131833333333336,26.99808333333333,32.48504166666666,35.23816666666667,36.32304166666667,35.877708333333324,33.572478260869566,29.954391304347826,24.836043478260876,19.967478260869566
178,Reunion,24.01401766784452,26.262347826086955,26.643958333333334,26.336708333333334,25.435208333333332,24.26166666666666,22.90433333333333,21.895333333333337,21.635125000000002,21.791999999999998,22.274217391304347,23.651739130434787,25.031478260869562
179,Romania,9.7963074204947,-2.033782608695652,-0.4795,4.295416666666667,9.901583333333333,15.35158333333333,19.022666666666662,21.039499999999993,20.56691666666667,15.439739130434786,10.040695652173913,4.4794347826086955,-0.9870000000000003
180,Russia,-4.101936395759716,-24.04773913043478,-21.728124999999995,-13.676708333333332,-4.0921666666666665,5.273583333333333,12.704916666666662,15.92158333333333,13.144,6.439956521739131,-3.153695652173912,-15.096434782608696,-22.488956521739134
181,Rwanda,19.857487632508832,19.8074347826087,20.052041666666664,19.83666666666667,19.579666666666668,19.84325,19.86566666666667,19.783625000000004,20.44529166666667,20.551913043478265,19.831652173913042,19.39082608695652,19.28426086956522
182,Saint Barthélemy,27.412318021201415,25.65043478260869,25.626750000000005,26.06804166666667,26.595333333333333,27.65233333333333,28.523333333333337,28.79104166666667,29.051916666666667,28.894043478260865,28.29808695652174,27.520652173913035,26.257478260869572
183,Saint Kitts And Nevis,26.652703180212,25.115782608695653,25.03345833333334,25.426958333333342,26.041708333333332,27.051833333333345,27.710166666666666,27.842041666666663,28.10841666666667,27.92143478260869,27.28765217391304,26.650608695652167,25.61430434782609
184,Saint Lucia,27.436222614840986,26.201043478260875,26.121416666666665,26.545124999999995,27.092125000000006,27.98837499999999,28.144125000000003,28.194499999999994,28.436249999999998,28.399565217391302,27.889434782608696,27.49586956521739,26.706478260869567
185,Saint Martin,27.412318021201415,25.65043478260869,25.626750000000005,26.06804166666667,26.595333333333333,27.65233333333333,28.523333333333337,28.79104166666667,29.051916666666667,28.894043478260865,28.29808695652174,27.520652173913035,26.257478260869572
186,Saint Pierre And Miquelon,5.334721830985914,-4.394434782608696,-4.762166666666666,-1.9137916666666663,2.2578333333333336,6.758791666666666,10.816541666666666,15.028875000000001,16.156041666666667,12.996291666666666,7.889,3.4465217391304352,-0.9002608695652176
187,Saint Vincent And The Grenadines,27.575604240282694,26.394826086956527,26.356875,26.774874999999998,27.307166666666674,28.113374999999994,28.16591666666667,28.213166666666666,28.502916666666668,28.545043478260872,28.030304347826085,27.624826086956517,26.860347826086958
188,Samoa,26.9059328621908,27.06182608695652,27.144750000000005,27.203375000000005,27.157875000000004,27.038708333333343,26.78558333333333,26.435541666666676,26.47458333333333,26.67704347826087,26.665304347826083,27.101043478260873,27.12995652173913
189,San Marino,14.90713074204947,6.9581304347826105,6.8224583333333335,9.74075,12.553791666666664,17.249916666666667,20.931583333333332,23.609791666666666,24.127000000000006,19.980739130434785,16.106826086956524,12.144739130434782,8.195260869565216
190,Sao Tome And Principe,26.383667844522957,26.757956521739136,27.45141666666667,27.56645833333333,27.190625,26.975499999999993,25.82070833333334,25.123125,25.198291666666673,25.6875652173913,25.815652173913044,26.404521739130427,26.584347826086958
191,Saudi Arabia,26.523678445229674,15.769347826086959,18.22308333333333,21.901750000000003,26.667250000000006,31.544583333333335,34.318666666666665,35.198458333333335,35.06975,32.448217391304354,27.554173913043474,21.656956521739136,17.181565217391302
192,Senegal,28.73631448763251,25.013913043478258,27.271958333333334,29.635208333333328,31.01045833333333,32.01133333333333,30.980541666666664,29.08758333333334,28.197749999999996,28.419826086956526,29.244826086956525,28.031695652173916,25.624565217391304
193,Serbia,10.95496466431096,-0.36895652173913046,1.1952916666666666,5.9398333333333335,10.821,16.08070833333333,19.743208333333335,21.721833333333336,21.658375000000007,16.476956521739126,11.13891304347826,5.690565217391304,0.47160869565217384
194,Seychelles,27.406363957597176,27.05730434782609,27.590958333333337,28.200666666666663,28.459666666666678,28.421875,27.338375,26.60645833333334,26.673041666666663,27.057304347826086,27.116695652173913,27.165565217391308,27.125565217391305
195,Sierra Leone,26.782007067137812,26.02582608695652,27.704916666666673,28.679041666666667,28.376833333333334,27.929249999999996,26.63433333333333,25.60395833333334,25.374083333333335,25.72691304347826,26.41417391304348,26.808913043478253,25.982869565217396
196,Singapore,27.251459363957604,26.485565217391304,27.009,27.398999999999997,27.572666666666663,28.078333333333333,27.984916666666667,27.4725,27.34741666666667,27.182913043478266,27.016043478260872,26.894565217391307,26.483130434782606
197,Sint Maarten,27.412318021201415,25.65043478260869,25.626750000000005,26.06804166666667,26.595333333333333,27.65233333333333,28.523333333333337,28.79104166666667,29.051916666666667,28.894043478260865,28.29808695652174,27.520652173913035,26.257478260869572
198,Slovakia,8.592731448763248,-1.9435217391304345,-0.7487500000000001,3.2793750000000004,8.645333333333332,13.821208333333331,17.016,18.91241666666667,18.603541666666665,13.605434782608693,8.570391304347826,3.801739130434783,-1.293
199,Slovenia,10.798586572438156,0.5721739130434783,1.9392083333333334,6.1680833333333345,10.288916666666667,15.479375,19.007291666666667,20.980874999999997,20.763375,15.76695652173913,10.837782608695651,5.936000000000002,1.0153043478260868
200,Solomon Islands,27.19922261484098,27.62930434782609,27.564708333333332,27.56325,27.37779166666667,27.344000000000005,27.144458333333333,26.800124999999994,26.681208333333334,26.704173913043483,26.711869565217388,27.28952173913044,27.576739130434788
201,Somalia,27.540660777385163,25.76521739130435,26.809375,28.206041666666664,28.654124999999997,29.025875,28.407000000000007,27.780625,27.936791666666668,28.22652173913043,27.17286956521739,26.519434782608695,25.808608695652175
202,South Africa,17.878445229681994,23.16839130434783,23.053749999999997,21.396333333333335,17.92029166666667,14.575791666666662,11.572416666666667,11.318875,13.318874999999998,16.616347826086958,18.98221739130435,20.813913043478266,22.325565217391308
203,South America,22.502420494699646,24.211304347826086,24.03175,23.70616666666667,22.522625000000005,21.214250000000003,20.191916666666668,19.950208333333332,21.130125000000003,22.289608695652177,23.188304347826094,23.757347826086956,24.042826086956524
204,South Georgia And The South Sandwich Isla,2.0418621908127212,5.178086956521739,5.405999999999999,4.579375000000001,2.6505,0.8224166666666667,-0.35045833333333326,-0.9471666666666669,-0.5982500000000001,-0.1631304347826087,1.2859130434782609,2.982043478260869,3.7757391304347827
205,South Korea,12.854346289752645,-0.7713478260869565,1.6568333333333334,6.248208333333333,12.077083333333333,17.331708333333335,21.526999999999997,24.883166666666668,25.409500000000005,20.811347826086955,14.51791304347826,8.119304347826084,1.6086956521739133
206,Spain,14.570250883392225,6.57117391304348,7.8814166666666665,10.771333333333331,12.417875,16.368333333333336,20.701375,23.585375,23.71175,19.859043478260872,15.096130434782609,10.16213043478261,7.132478260869568
207,Sri Lanka,27.637159010600726,26.019173913043474,26.917708333333334,28.148583333333335,28.54495833333333,29.015666666666664,28.522958333333335,28.215999999999998,28.122625,28.00973913043478,27.206869565217392,26.75521739130436,25.991260869565217
208,Sudan,27.789932862190817,22.644000000000005,24.67420833333334,27.43083333333333,29.95308333333333,31.190375,30.835583333333336,29.51129166666667,29.086208333333335,29.328826086956518,28.719260869565222,26.326043478260864,23.425043478260868
209,Suriname,26.972088339222626,26.145304347826087,26.262874999999998,26.64695833333333,26.722208333333338,26.824208333333342,26.636499999999998,26.794208333333327,27.38295833333333,27.959130434782605,27.956869565217392,27.674739130434784,26.72582608695652
210,Svalbard And Jan Mayen,-6.167572438162549,-13.84404347826087,-14.149750000000003,-14.281208333333327,-10.764791666666666,-4.065916666666666,1.5212916666666665,4.596500000000002,4.0023333333333335,0.25982608695652176,-6.264304347826086,-9.380999999999998,-12.075956521739128
211,Swaziland,19.49166077738516,23.058434782608693,23.156833333333335,22.205583333333333,19.606541666666665,17.043374999999997,14.728708333333332,14.429874999999997,16.518833333333333,19.087695652173917,20.26378260869565,21.616956521739127,22.563826086956524
212,Sweden,3.5866819787985866,-6.313826086956523,-6.380499999999999,-2.6796249999999997,2.295083333333333,7.952458333333335,12.574458333333334,15.388958333333333,14.048958333333333,9.180304347826086,3.2828695652173905,-1.7060434782608698,-5.389565217391305
213,Switzerland,8.103537102473503,-0.9694347826086955,0.009999999999999934,3.948625,7.287833333333334,12.145625000000003,15.397583333333332,17.399291666666667,17.248458333333335,12.889826086956525,8.385739130434782,3.2111304347826084,-0.4388695652173913
214,Syria,18.91850530035336,6.9380869565217385,8.617958333333334,12.73558333333333,17.675541666666668,23.063666666666673,27.740375,30.293625000000002,30.036666666666665,26.384434782608697,21.009956521739134,13.4285652173913,8.326565217391304
215,Taiwan,22.712717314487634,16.74886956521739,17.369375,19.125041666666664,21.809708333333333,24.566374999999997,26.553250000000002,27.77495833333333,27.580291666666668,26.430043478260867,24.10682608695652,21.759478260869567,18.47665217391304
216,Tajikistan,5.173703180212012,-9.246565217391304,-6.498166666666667,-0.2406250000000001,5.993166666666666,10.765791666666667,15.496875000000001,17.593,16.688750000000002,12.079260869565216,5.667043478260871,-0.4652608695652175,-6.774173913043478
217,Tanzania,22.950554770318018,23.648217391304343,23.74575,23.680958333333336,23.006083333333333,22.447083333333335,21.364499999999996,20.86304166666667,21.796625000000002,23.12995652173913,23.904086956521738,24.273217391304346,23.710173913043477
218,Thailand,26.660508833922282,23.75204347826087,25.66779166666667,27.75320833333333,29.07466666666667,28.536375000000003,28.052125,27.523166666666658,27.26404166666666,26.98552173913043,26.343434782608696,25.172000000000004,23.48660869565217
219,Timor Leste,26.407392226148424,26.87886956521739,26.64824999999999,26.758041666666667,26.636958333333336,26.40416666666667,25.515749999999997,25.00520833333333,24.909916666666664,25.899217391304344,27.05852173913043,27.949913043478254,27.353173913043474
220,Togo,27.49163604240282,27.422217391304347,29.262249999999998,30.145125000000004,29.295458333333332,28.246541666666662,26.781791666666667,25.737916666666674,25.425874999999994,25.960521739130435,26.64952173913044,27.564,27.30173913043479
221,Tonga,23.7986254416961,25.80139130434782,26.405874999999998,26.301374999999997,25.030875000000005,23.496041666666667,22.418958333333336,21.563416666666665,21.363375,21.745000000000008,22.40321739130434,23.973739130434787,25.08069565217391
222,Trinidad And Tobago,26.901056537102487,25.841608695652177,26.012583333333335,26.659125000000003,27.2675,27.72191666666666,27.222291666666674,27.096916666666672,27.281750000000002,27.47782608695652,27.13086956521739,26.871695652173912,26.18708695652174
223,Tunisia,21.089088339222624,11.26695652173913,12.564041666666668,16.042625,19.211833333333335,23.939375000000002,28.323416666666674,30.965208333333322,30.946374999999993,27.454869565217397,22.69904347826087,16.812869565217394,12.217695652173914
224,Turkey,12.492477031802123,1.1597826086956522,2.123041666666667,6.171541666666667,10.84925,15.794374999999995,20.503916666666672,23.818666666666672,23.881208333333337,19.563739130434787,14.230304347826088,7.899652173913043,3.231869565217391
225,Turkmenistan,16.181985865724382,1.6229565217391306,3.9531250000000004,9.765333333333333,16.76116666666667,23.025874999999996,28.48091666666667,30.522999999999996,28.972999999999995,22.862739130434782,15.577260869565217,8.454217391304349,2.9577826086956525
226,Turks And Caicas Islands,27.409799295774643,24.87839130434783,25.175083333333333,25.57654166666666,26.237708333333334,27.670208333333335,29.164874999999995,29.717083333333335,29.869,29.47933333333334,28.48478260869565,27.012043478260868,25.495521739130435
227,Uganda,23.6207738515901,24.235956521739126,24.942666666666664,24.824416666666668,23.979625000000002,23.63129166666667,23.097666666666665,22.566125,22.767083333333332,23.12969565217391,23.22121739130435,23.476782608695647,23.556608695652177
228,Ukraine,8.912134275618369,-3.325956521739131,-2.5830833333333336,2.1940416666666667,9.33858333333333,15.327916666666669,19.002333333333336,21.339541666666666,20.394250000000003,14.774434782608695,8.755173913043478,2.952260869565218,-2.2077391304347826
229,United Arab Emirates,28.80440636042403,19.16739130434783,21.145000000000007,24.259958333333334,28.703666666666667,33.31254166666667,35.59812500000001,36.693958333333335,36.38766666666667,33.85408695652173,29.87178260869566,25.139434782608692,20.89013043478261
230,United Kingdom,9.361621908127212,4.790695652173913,5.054291666666667,6.404416666666667,7.977625000000001,10.715874999999999,13.010916666666667,14.842208333333332,14.857,12.784478260869568,9.778304347826088,7.125652173913042,4.679260869565217
231,United Kingdom (Europe),9.530021201413431,4.447869565217391,4.720916666666667,6.220958333333333,8.022249999999998,11.039000000000001,13.583416666666666,15.56620833333333,15.555750000000002,13.313391304347828,10.027391304347827,7.096999999999999,4.418347826086956
232,United States,9.613767605633809,-2.7335217391304356,-0.6177083333333334,3.5150000000000006,8.713291666666665,14.463041666666669,19.359624999999998,21.970958333333332,21.049125000000007,16.84579166666667,9.901565217391305,3.3334347826086956,-1.669695652173913
233,Uruguay,17.869123674911663,24.230304347826088,23.446791666666666,22.019125000000003,18.198666666666664,14.798750000000004,12.111708333333333,11.320041666666668,13.244541666666665,14.741565217391308,17.64986956521739,20.432869565217395,22.667608695652174
234,Uzbekistan,13.621021201413432,-1.9915217391304352,0.42858333333333354,7.101833333333334,14.873208333333336,21.223708333333338,26.783125,28.47658333333334,26.739625000000004,20.30513043478261,12.879652173913044,5.646434782608696,-0.33060869565217393
235,Venezuela,25.75423674911662,25.39604347826087,25.930999999999997,26.501999999999995,26.380916666666664,26.06908333333334,25.421458333333334,25.17445833333333,25.484958333333335,25.81273913043478,25.74360869565217,25.76708695652174,25.337739130434784
236,Vietnam,24.264130742049463,19.616956521739134,21.01866666666667,23.056583333333332,25.441999999999997,26.84745833333334,27.430125000000004,27.155708333333337,26.870291666666663,26.005391304347828,24.405347826086956,22.595565217391304,20.378869565217393
237,Virgin Islands,27.142447183098582,25.364000000000004,25.332500000000007,25.69179166666667,26.29404166666667,27.400000000000002,28.320291666666662,28.607375,28.838624999999997,28.621000000000006,27.975739130434782,27.197347826086958,25.981173913043484
238,Western Sahara,23.319042402826845,17.257826086956523,19.08966666666667,21.38791666666667,22.524250000000006,24.349874999999997,26.419416666666663,28.25645833333334,28.743624999999998,27.49586956521739,24.636217391304346,21.247304347826084,18.092347826086957
239,Yemen,27.093590106007056,20.950391304347825,23.180291666666665,25.559166666666666,28.129791666666673,30.72520833333333,31.744041666666664,31.382625000000004,30.77508333333334,29.760217391304348,26.796695652173916,24.066739130434787,21.538000000000007
240,Zambia,21.931268551236755,22.53539130434783,22.779041666666668,22.847499999999997,21.84070833333334,20.387583333333332,18.31554166666667,17.903375,20.509583333333335,23.657173913043472,25.196260869565222,24.63682608695653,22.954739130434785
241,Zimbabwe,21.76240282685512,23.929695652173915,23.850125000000006,23.445875000000004,21.555999999999997,19.405125,17.156291666666668,16.570666666666664,19.170083333333327,22.67682608695652,24.73186956521739,25.049130434782608,24.093347826086955
242,Åland,6.501604240282687,-0.8202173913043476,-2.1497083333333324,-0.15187500000000007,3.3152916666666665,8.046999999999999,12.558958333333331,16.5145,16.355625000000003,12.19486956521739,7.394826086956522,3.698434782608696,0.6711739130434783
